timestamp,category,title,company,email,job_url
2026-10-08 15:45:39.526836,Applies,Software Developer Test Engineer (SDET),Infospoke Technologies,anwesha.m@infospoke.in,https://www.naukri.com/job-listings-software-developer-test-engineer-sdet-infospoke-technologies-hyderabad-5-to-10-years-071026028643?src=drecomm_apply&sid=17914545361585129&xp=3&px=1
2026-10-08 15:52:24.471568,Applies,Appium Testers - Bangalore/Chennai/Pune/mumbai,H&B Hr Solutions,shubha.b@hunstmenbarons.com,https://www.naukri.com/job-listings-appium-testers-bangalore-chennai-pune-mumbai-h-b-hr-solutions-pune-chennai-bengaluru-5-to-8-years-061026021866?src=drecomm_apply&sid=1791454941254595&xp=16&px=1
2026-10-08 16:03:27.966663,Applies,Senior Automation Engineer_Contract Role_Immediate Joiners,CIEL HR,devika.pr@cielhr.com,https://www.naukri.com/job-listings-senior-automation-engineer-contract-role-immediate-joiners-ciel-hr-bengaluru-4-to-6-years-230926027534?src=drecomm_apply&sid=17914556045592835&xp=24&px=1
2026-10-08 17:42:48.384752,Applies,Playwright with AI Testing - Bangalore,Hexaware Technologies,michaeljacksona@hexaware.com,https://www.naukri.com/job-listings-playwright-with-ai-testing-bangalore-hexaware-technologies-bengaluru-4-to-8-years-200626011832?src=drecomm_apply&sid=17914615584783058&xp=11&px=1
2026-10-08 17:47:41.659408,Applies,Data Engineer,Bahwan CyberTek,karthikeyan.g@bahwancybertek.com,https://www.naukri.com/job-listings-data-engineer-bahwan-cybertek-chennai-5-to-10-years-071026026927?src=drecomm_apply&sid=17914618582766287&xp=31&px=1
2026-10-08 17:48:15.238635,Applies,Data Engineer,RiDiK,soujanya.das@ridik.net,https://www.naukri.com/job-listings-data-engineer-ridik-bengaluru-4-to-8-years-071026020086?src=drecomm_apply&sid=17914618918786677&xp=34&px=1
2026-10-08 17:51:04.539628,You Might Like,Senior Data Engineer,Involead,hr@involead.com,https://www.naukri.com/job-listings-senior-data-engineer-involead-gurugram-delhi-ncr-3-to-6-years-061026029560?src=drecomm_mightlike&sid=17914620609123928&xp=19&px=1
2026-10-08 23:15:39.255281,Applies,"Big Data Engineer & Big Data Lead ( Spark, Scala & AWS )",Coforge,gaurav.2.kumar@coforge.com,https://www.naukri.com/job-listings-big-data-engineer-big-data-lead-spark-scala-aws-coforge-hyderabad-pune-greater-noida-3-to-8-years-061026031988?src=drecomm_apply&sid=17914815359603032&xp=4&px=1
2026-10-09 23:09:36.263265,Applies,Data Quality Engineer(ETL Testing)Associate/Senior/Lead,Epam Systems,viswanathan_v@epam.com,https://www.naukri.com/job-listings-data-quality-engineer-etl-testing-associate-senior-lead-epam-systems-hyderabad-pune-gurugram-3-to-8-years-081026012539?src=drecomm_apply&sid=17915675729032676&xp=20&px=1
2026-10-10 15:24:11.012969,Applies,Senior Test Automation Engineer,REBEL FOODS,culture@rebelfoods.pdf,https://www.naukri.com/job-listings-senior-test-automation-engineer-rebel-foods-mumbai-navi-mumbai-5-to-9-years-091026027038?src=drecomm_apply&sid=17916260481111399&xp=2&px=1
2026-10-10 15:29:52.108744,Applies,Databricks & AI Engineer,Tekskills,thulasi.d@tekskills.in,https://www.naukri.com/job-listings-databricks-ai-engineer-tekskills-hyderabad-chennai-bengaluru-4-to-8-years-091026024712?src=drecomm_apply&sid=17916263892895704&xp=40&px=1
2026-10-10 23:04:57.067316,Applies,Python Developer,Ness Digital Engineering,munirathna.venkatesh@ness.com,https://www.naukri.com/job-listings-python-developer-ness-digital-engineering-bengaluru-5-to-8-years-091026035825?src=drecomm_apply&sid=17916536939499867&xp=29&px=1
2026-10-10 23:07:05.942684,Applies,Azure databricks,Innominds Software,ramara@innominds.com,https://www.naukri.com/job-listings-azure-databricks-innominds-software-hyderabad-pune-bengaluru-4-to-9-years-091026027224?src=drecomm_apply&sid=17916538234479247&xp=39&px=1
2026-10-10 23:19:05.504550,Applies,Azure Data Engineer,NLB,sufiyan.khan@nlbtech.com,https://www.naukri.com/job-listings-azure-data-engineer-nlb-services-noida-4-to-9-years-091026017637?src=drecomm_apply&sid=1791654537579120&xp=21&px=1
2026-10-10 23:20:56.087883,Applies,C2H- Infosys Mobile Automation,Infosys,toa.nivetha@nityo.com,https://www.naukri.com/job-listings-c2h-infosys-mobile-automation-nityo-infotech-hyderabad-bengaluru-5-to-10-years-091026018831?src=drecomm_apply&sid=1791654653610261&xp=29&px=1
2026-10-10 23:20:56.087883,Applies,C2H- Infosys Mobile Automation,Infosys,a.nivetha@nityo.com,https://www.naukri.com/job-listings-c2h-infosys-mobile-automation-nityo-infotech-hyderabad-bengaluru-5-to-10-years-091026018831?src=drecomm_apply&sid=1791654653610261&xp=29&px=1
2026-10-10 23:27:52.469817,You Might Like,Data Analyst,Quess IT Solutions,asan.a@quesscorp.com,https://www.naukri.com/job-listings-data-analyst-quess-it-solutions-bengaluru-2-to-5-years-091026014806?src=drecomm_mightlike&sid=17916550697929931&xp=10&px=1
2026-10-10 23:28:14.038638,You Might Like,Mobile Test Engineer,REBEL FOODS,culture@rebelfoods.pdf,https://www.naukri.com/job-listings-mobile-test-engineer-rebel-foods-mumbai-3-to-5-years-091026026784?src=drecomm_mightlike&sid=17916550859336616&xp=10&px=1
