job_id,category,reason,timestamp
061026916349,Applies,green-tick mismatch: Work Experience,2026-10-08T15:44:26
061026007625,Applies,green-tick mismatch: Key Skills,2026-10-08T15:45:34
071026046421,Applies,green-tick mismatch: Key Skills,2026-10-08T15:46:34
071026029604,Applies,green-tick mismatch: Work Experience,2026-10-08T15:47:26
061026923775,Applies,green-tick mismatch: Work Experience,2026-10-08T15:47:47
061026030224,Applies,green-tick mismatch: Work Experience,2026-10-08T15:48:20
230326008316,Applies,green-tick mismatch: Key Skills,2026-10-08T15:49:33
071026046111,Applies,green-tick mismatch: Work Experience,2026-10-08T15:50:42
061026909466,Applies,job was posted 48 hours ago (limit: 24 hours),2026-10-08T15:51:08
051026937037,Applies,"green-tick mismatch: Early Applicant, Work Experience, Key Skills",2026-10-08T15:51:13
061026012597,Applies,"green-tick mismatch: Work Experience, Key Skills",2026-10-08T15:51:53
090926021825,Applies,green-tick mismatch: Location,2026-10-08T15:52:13
061026010819,Applies,job was posted 48 hours ago (limit: 24 hours),2026-10-08T15:52:19
051026931033,Applies,job was posted 48 hours ago (limit: 24 hours),2026-10-08T15:52:44
061026012714,Applies,green-tick mismatch: Work Experience,2026-10-08T15:52:50
061026014299,Applies,green-tick mismatch: Key Skills,2026-10-08T15:52:56
061026022186,Applies,green-tick mismatch: Work Experience,2026-10-08T15:53:02
051026933156,Applies,green-tick mismatch: Early Applicant,2026-10-08T15:53:26
071026015104,Applies,green-tick mismatch: Work Experience,2026-10-08T15:53:33
061026011654,Applies,job was posted 48 hours ago (limit: 24 hours),2026-10-08T15:53:38
071026000448,Applies,green-tick mismatch: Work Experience,2026-10-08T15:53:44
071026020630,Applies,green-tick mismatch: Work Experience,2026-10-08T15:53:50
051026931597,Applies,"green-tick mismatch: Early Applicant, Work Experience",2026-10-08T15:55:05
011026024108,Applies,"green-tick mismatch: Early Applicant, Work Experience, Key Skills",2026-10-08T15:55:11
071026033005,Applies,green-tick mismatch: Key Skills,2026-10-08T16:03:19
051026040001,Applies,"green-tick mismatch: Early Applicant, Work Experience, Key Skills",2026-10-08T16:03:23
061026027007,Applies,green-tick mismatch: Work Experience,2026-10-08T16:04:18
051026501258,Applies,"green-tick mismatch: Early Applicant, Key Skills",2026-10-08T16:04:43
051026932438,Applies,"green-tick mismatch: Early Applicant, Key Skills",2026-10-08T16:04:47
081026014238,Preference,job was posted 72 hours ago (limit: 24 hours),2026-10-08T16:05:01
260926007998,Preference,green-tick mismatch: Early Applicant,2026-10-08T16:05:07
210926019706,Preference,"green-tick mismatch: Early Applicant, Work Experience",2026-10-08T16:05:13
300926031343,Preference,green-tick mismatch: Early Applicant,2026-10-08T16:05:18
081026019704,Preference,green-tick mismatch: Key Skills,2026-10-08T16:05:51
300926036454,Preference,"green-tick mismatch: Early Applicant, Location",2026-10-08T16:05:57
300926031540,Preference,green-tick mismatch: Early Applicant,2026-10-08T16:06:03
250926001001,Preference,Key Skills did not show a green check,2026-10-08T16:06:10
051026931184,Preference,"green-tick mismatch: Early Applicant, Work Experience, Key Skills",2026-10-08T16:06:15
061026014612,Preference,green-tick mismatch: Work Experience,2026-10-08T16:06:43
071026016672,Preference,green-tick mismatch: Work Experience,2026-10-08T16:06:49
071026038557,Preference,green-tick mismatch: Key Skills,2026-10-08T16:06:54
170926033765,Preference,"green-tick mismatch: Early Applicant, Work Experience",2026-10-08T16:07:00
300926036836,Preference,"green-tick mismatch: Early Applicant, Work Experience",2026-10-08T16:07:06
300926032946,Preference,Key Skills did not show a green check,2026-10-08T16:07:13
011026039876,Preference,green-tick mismatch: Early Applicant,2026-10-08T16:07:19
180926011426,Preference,"green-tick mismatch: Early Applicant, Work Experience",2026-10-08T16:07:25
041026004598,Preference,green-tick mismatch: Early Applicant,2026-10-08T16:07:50
021026011806,Preference,green-tick mismatch: Early Applicant,2026-10-08T16:08:15
220926001150,Preference,"green-tick mismatch: Early Applicant, Work Experience",2026-10-08T16:08:27
030926012609,Preference,job was posted 336 hours ago (limit: 24 hours),2026-10-08T16:08:33
061026917451,Preference,green-tick mismatch: Key Skills,2026-10-08T16:08:39
031026007396,Preference,"green-tick mismatch: Early Applicant, Work Experience",2026-10-08T16:08:45
081026019368,Preference,job was posted 168 hours ago (limit: 24 hours),2026-10-08T16:08:51
081026020920,Preference,green-tick mismatch: Key Skills,2026-10-08T16:08:56
300926502686,Preference,green-tick mismatch: Early Applicant,2026-10-08T16:09:02
290926020835,Preference,"green-tick mismatch: Early Applicant, Work Experience",2026-10-08T16:09:30
040826007940,Preference,job was posted 552 hours ago (limit: 24 hours),2026-10-08T16:09:35
061026916467,You Might Like,green-tick mismatch: Work Experience,2026-10-08T16:09:47
071026938920,You Might Like,green-tick mismatch: Key Skills,2026-10-08T16:09:52
051026937737,You Might Like,"green-tick mismatch: Early Applicant, Location",2026-10-08T16:10:45
061026501667,You Might Like,green-tick mismatch: Key Skills,2026-10-08T16:10:57
061026503792,You Might Like,green-tick mismatch: Work Experience,2026-10-08T16:11:03
071026503982,Applies,green-tick mismatch: Work Experience,2026-10-08T17:44:52
061026917699,Applies,green-tick mismatch: Work Experience,2026-10-08T17:44:58
061026013075,Applies,green-tick mismatch: Key Skills,2026-10-08T17:45:45
071026022825,Applies,green-tick mismatch: Key Skills,2026-10-08T17:45:49
061026027557,Applies,green-tick mismatch: Key Skills,2026-10-08T17:45:53
071026503983,Applies,green-tick mismatch: Work Experience,2026-10-08T17:45:57
071026503981,Applies,green-tick mismatch: Work Experience,2026-10-08T17:46:01
071026019296,Applies,green-tick mismatch: Key Skills,2026-10-08T17:47:24
061026916578,Applies,green-tick mismatch: Key Skills,2026-10-08T17:47:28
071026019213,Applies,green-tick mismatch: Key Skills,2026-10-08T17:47:37
061026031988,Applies,green-tick mismatch: Key Skills,2026-10-08T17:48:02
051026937512,Applies,"green-tick mismatch: Early Applicant, Key Skills",2026-10-08T17:48:07
061026007619,Applies,green-tick mismatch: Key Skills,2026-10-08T17:48:11
061026030655,You Might Like,green-tick mismatch: Key Skills,2026-10-08T17:49:21
071026046072,You Might Like,green-tick mismatch: Location,2026-10-08T17:49:26
071026046819,You Might Like,green-tick mismatch: Location,2026-10-08T17:49:53
061026015795,You Might Like,job was posted 48 hours ago (limit: 24 hours),2026-10-08T17:50:09
061026030674,You Might Like,green-tick mismatch: Key Skills,2026-10-08T17:50:15
051026938618,You Might Like,green-tick mismatch: Early Applicant,2026-10-08T17:50:26
071026502187,You Might Like,green-tick mismatch: Key Skills,2026-10-08T17:50:32
011026916784,You Might Like,"green-tick mismatch: Early Applicant, Key Skills",2026-10-08T17:50:37
061026503839,You Might Like,"green-tick mismatch: Work Experience, Key Skills",2026-10-08T17:50:42
280926029771,You Might Like,green-tick mismatch: Work Experience,2026-10-08T17:50:48
061026502139,You Might Like,"green-tick mismatch: Work Experience, Key Skills",2026-10-08T17:50:53
061026916424,You Might Like,green-tick mismatch: Key Skills,2026-10-08T17:50:59
061026015628,Applies,green-tick mismatch: Key Skills,2026-10-08T23:07:06
051026937162,Applies,"green-tick mismatch: Early Applicant, Key Skills",2026-10-08T23:07:59
061026028217,Applies,green-tick mismatch: Key Skills,2026-10-08T23:08:03
061026029357,Applies,job was posted 48 hours ago (limit: 24 hours),2026-10-08T23:08:40
210926923688,Applies,green-tick mismatch: Key Skills,2026-10-08T23:08:45
070926032962,Applies,job was posted 48 hours ago (limit: 24 hours),2026-10-08T23:09:09
061026923761,Applies,green-tick mismatch: Key Skills,2026-10-08T23:09:14
071026018086,Applies,green-tick mismatch: Key Skills,2026-10-08T23:09:18
061026015455,Applies,green-tick mismatch: Key Skills,2026-10-08T23:09:22
071026014558,Applies,green-tick mismatch: Key Skills,2026-10-08T23:09:27
061026018696,Applies,green-tick mismatch: Key Skills,2026-10-08T23:09:31
061026031714,Applies,green-tick mismatch: Key Skills,2026-10-08T23:09:56
061026015086,Applies,job was posted 48 hours ago (limit: 24 hours),2026-10-08T23:10:00
071026046911,Applies,green-tick mismatch: Key Skills,2026-10-08T23:10:04
061026917587,Applies,job was posted 48 hours ago (limit: 24 hours),2026-10-08T23:10:09
071026049513,Applies,green-tick mismatch: Key Skills,2026-10-08T23:10:13
061026021392,Applies,green-tick mismatch: Key Skills,2026-10-08T23:10:38
071026021470,Applies,green-tick mismatch: Key Skills,2026-10-08T23:10:42
061026011500,Applies,green-tick mismatch: Key Skills,2026-10-08T23:10:46
071026022216,Applies,Key Skills did not show a green check,2026-10-08T23:11:31
051026502139,Applies,"green-tick mismatch: Early Applicant, Work Experience, Key Skills",2026-10-08T23:11:35
081026922014,Applies,green-tick mismatch: Key Skills,2026-10-08T23:11:40
061026502768,Applies,green-tick mismatch: Work Experience,2026-10-08T23:11:44
081026042519,Preference,job was posted 528 hours ago (limit: 24 hours),2026-10-08T23:12:20
081026028304,Preference,green-tick mismatch: Key Skills,2026-10-08T23:12:26
110926018239,Preference,green-tick mismatch: Work Experience,2026-10-08T23:12:32
071026044580,You Might Like,green-tick mismatch: Key Skills,2026-10-08T23:12:49
071026026585,You Might Like,green-tick mismatch: Location,2026-10-08T23:12:55
081026021763,You Might Like,green-tick mismatch: Work Experience,2026-10-08T23:13:23
051026935348,You Might Like,"green-tick mismatch: Early Applicant, Key Skills",2026-10-08T23:13:38
061026925487,You Might Like,job was posted 48 hours ago (limit: 24 hours),2026-10-08T23:13:44
061026909644,You Might Like,job was posted 48 hours ago (limit: 24 hours),2026-10-08T23:13:50
081026013994,You Might Like,"green-tick mismatch: Location, Key Skills",2026-10-08T23:14:01
071026049669,You Might Like,"green-tick mismatch: Location, Work Experience",2026-10-08T23:14:07
061026505137,You Might Like,green-tick mismatch: Key Skills,2026-10-08T23:14:13
061026005612,You Might Like,green-tick mismatch: Location,2026-10-08T23:14:19
061026018824,You Might Like,"green-tick mismatch: Location, Key Skills",2026-10-08T23:14:25
061026004446,You Might Like,green-tick mismatch: Location,2026-10-08T23:14:30
071026014907,You Might Like,"green-tick mismatch: Location, Key Skills",2026-10-08T23:14:36
071026029920,You Might Like,green-tick mismatch: Location,2026-10-08T23:14:42
061026028094,Applies,"green-tick mismatch: Early Applicant, Key Skills",2026-10-09T11:09:29
081026012518,Applies,green-tick mismatch: Key Skills,2026-10-09T11:09:33
061026917166,Applies,"green-tick mismatch: Early Applicant, Key Skills",2026-10-09T11:09:37
051026934227,Applies,"green-tick mismatch: Early Applicant, Key Skills",2026-10-09T11:09:42
081026012909,Applies,green-tick mismatch: Key Skills,2026-10-09T11:09:47
081026012319,Applies,"green-tick mismatch: Work Experience, Key Skills",2026-10-09T11:10:37
081026042407,Applies,green-tick mismatch: Key Skills,2026-10-09T11:10:43
081026035123,Applies,"green-tick mismatch: Work Experience, Key Skills",2026-10-09T11:10:49
071026047523,Applies,green-tick mismatch: Work Experience,2026-10-09T11:10:55
081026022635,Applies,green-tick mismatch: Key Skills,2026-10-09T11:11:24
081026017772,Applies,green-tick mismatch: Key Skills,2026-10-09T11:11:30
081026048675,Applies,green-tick mismatch: Key Skills,2026-10-09T11:11:36
071026049288,Applies,green-tick mismatch: Key Skills,2026-10-09T11:11:43
071026926107,Applies,green-tick mismatch: Key Skills,2026-10-09T11:11:49
081026050807,Applies,"green-tick mismatch: Work Experience, Key Skills",2026-10-09T11:11:57
081026027613,Applies,green-tick mismatch: Key Skills,2026-10-09T11:12:04
081026930670,Applies,green-tick mismatch: Key Skills,2026-10-09T11:12:50
081026024665,Applies,"green-tick mismatch: Work Experience, Key Skills",2026-10-09T11:14:08
081026041175,Applies,green-tick mismatch: Key Skills,2026-10-09T11:14:41
240926023047,Preference,"green-tick mismatch: Early Applicant, Key Skills",2026-10-09T11:16:08
081026506536,You Might Like,green-tick mismatch: Key Skills,2026-10-09T11:16:27
071026503603,You Might Like,"green-tick mismatch: Work Experience, Key Skills",2026-10-09T11:16:37
081026043552,You Might Like,green-tick mismatch: Location,2026-10-09T11:16:47
081026019942,You Might Like,green-tick mismatch: Key Skills,2026-10-09T11:16:57
081026031071,You Might Like,"green-tick mismatch: Location, Key Skills",2026-10-09T11:17:07
081026506644,You Might Like,green-tick mismatch: Work Experience,2026-10-09T11:17:17
081026050074,You Might Like,"green-tick mismatch: Location, Key Skills",2026-10-09T11:17:27
081026017395,You Might Like,"green-tick mismatch: Location, Key Skills",2026-10-09T11:17:38
051026937116,You Might Like,Key Skills did not show a green check,2026-10-09T11:17:44
081026506804,You Might Like,"green-tick mismatch: Work Experience, Key Skills",2026-10-09T11:17:50
071026942155,Applies,green-tick mismatch: Key Skills,2026-10-09T23:09:19
081026029120,Applies,green-tick mismatch: Key Skills,2026-10-09T23:09:23
071026049973,Applies,green-tick mismatch: Key Skills,2026-10-09T23:09:28
071026048111,Applies,job was posted 48 hours ago (limit: 24 hours),2026-10-09T23:09:32
071026037747,Applies,green-tick mismatch: Key Skills,2026-10-09T23:10:48
081026022934,Applies,green-tick mismatch: Work Experience,2026-10-09T23:10:52
081026014812,Applies,green-tick mismatch: Work Experience,2026-10-09T23:11:07
081026043784,Applies,green-tick mismatch: Work Experience,2026-10-09T23:11:11
081026946588,Applies,green-tick mismatch: Work Experience,2026-10-09T23:11:15
081026017200,Applies,green-tick mismatch: Key Skills,2026-10-09T23:11:19
071026047991,Applies,green-tick mismatch: Key Skills,2026-10-09T23:11:56
091026019094,Applies,"green-tick mismatch: Work Experience, Key Skills",2026-10-09T23:12:00
081026016240,Applies,green-tick mismatch: Work Experience,2026-10-09T23:12:04
070826020466,Applies,job was posted 48 hours ago (limit: 24 hours),2026-10-09T23:12:08
081026507117,Applies,"green-tick mismatch: Work Experience, Key Skills",2026-10-09T23:12:12
080926034968,Preference,job was posted 48 hours ago (limit: 24 hours),2026-10-09T23:12:26
091026019888,Preference,green-tick mismatch: Work Experience,2026-10-09T23:13:01
091026016734,Preference,green-tick mismatch: Key Skills,2026-10-09T23:13:30
091026017300,Preference,green-tick mismatch: Work Experience,2026-10-09T23:13:36
061026502731,Preference,job was posted 48 hours ago (limit: 24 hours),2026-10-09T23:14:07
091026505338,Preference,green-tick mismatch: Work Experience,2026-10-09T23:14:13
081026039833,You Might Like,green-tick mismatch: Location,2026-10-09T23:14:24
061026503898,You Might Like,"green-tick mismatch: Early Applicant, Location, Key Skills",2026-10-09T23:39:11
061026917251,You Might Like,"green-tick mismatch: Early Applicant, Work Experience",2026-10-09T23:39:16
040526003841,You Might Like,"green-tick mismatch: Location, Key Skills",2026-10-09T23:39:22
081026912350,You Might Like,green-tick mismatch: Location,2026-10-09T23:39:27
081026018712,You Might Like,green-tick mismatch: Key Skills,2026-10-09T23:39:33
091026016571,You Might Like,"green-tick mismatch: Location, Work Experience",2026-10-09T23:39:38
091026019034,You Might Like,green-tick mismatch: Key Skills,2026-10-09T23:39:44
071026022176,You Might Like,"green-tick mismatch: Location, Work Experience",2026-10-09T23:39:49
091026929914,Applies,green-tick mismatch: Key Skills,2026-10-10T15:24:07
091026012322,Applies,green-tick mismatch: Work Experience,2026-10-10T15:25:32
061026916544,Applies,green-tick mismatch: Early Applicant,2026-10-10T15:25:59
091026033077,Applies,"green-tick mismatch: Work Experience, Key Skills",2026-10-10T15:27:20
091026024299,Applies,green-tick mismatch: Key Skills,2026-10-10T15:27:45
081026050378,Applies,green-tick mismatch: Key Skills,2026-10-10T15:27:51
081026012572,Applies,green-tick mismatch: Key Skills,2026-10-10T15:27:55
091026922855,Applies,"green-tick mismatch: Work Experience, Key Skills",2026-10-10T15:28:21
051026936086,Applies,"green-tick mismatch: Early Applicant, Work Experience, Key Skills",2026-10-10T15:29:19
081026506835,Applies,green-tick mismatch: Key Skills,2026-10-10T15:29:24
091026012578,Applies,green-tick mismatch: Key Skills,2026-10-10T15:29:30
081026508869,Applies,green-tick mismatch: Key Skills,2026-10-10T15:29:35
091026012975,Applies,green-tick mismatch: Key Skills,2026-10-10T15:29:39
091026000213,Applies,green-tick mismatch: Key Skills,2026-10-10T15:29:48
081026946605,Applies,green-tick mismatch: Key Skills,2026-10-10T15:30:39
071026504188,Applies,green-tick mismatch: Early Applicant,2026-10-10T15:30:43
091026021937,Applies,green-tick mismatch: Key Skills,2026-10-10T15:31:30
081026930658,Applies,green-tick mismatch: Key Skills,2026-10-10T15:31:58
091026011945,Applies,green-tick mismatch: Key Skills,2026-10-10T15:32:04
091026503053,Applies,green-tick mismatch: Work Experience,2026-10-10T15:32:37
091026501798,Preference,green-tick mismatch: Key Skills,2026-10-10T15:32:59
091026035344,You Might Like,green-tick mismatch: Location,2026-10-10T15:35:04
091026503097,You Might Like,green-tick mismatch: Location,2026-10-10T15:35:10
091026503586,You Might Like,green-tick mismatch: Key Skills,2026-10-10T15:35:16
091026502891,You Might Like,green-tick mismatch: Location,2026-10-10T15:35:21
091026502303,You Might Like,green-tick mismatch: Work Experience,2026-10-10T15:35:27
091026500885,You Might Like,green-tick mismatch: Key Skills,2026-10-10T15:35:39
081026946685,You Might Like,green-tick mismatch: Location,2026-10-10T15:35:44
081026504709,You Might Like,"green-tick mismatch: Location, Key Skills",2026-10-10T15:35:50
081026946698,You Might Like,green-tick mismatch: Location,2026-10-10T15:35:56
091026502871,You Might Like,green-tick mismatch: Location,2026-10-10T15:36:01
091026005412,You Might Like,"green-tick mismatch: Location, Key Skills",2026-10-10T15:36:07
081026946856,You Might Like,green-tick mismatch: Work Experience,2026-10-10T15:36:12
081026021376,You Might Like,green-tick mismatch: Key Skills,2026-10-10T15:36:18
091026024329,You Might Like,green-tick mismatch: Location,2026-10-10T15:36:45
081026946688,You Might Like,green-tick mismatch: Location,2026-10-10T15:36:51
091026026784,You Might Like,green-tick mismatch: Key Skills,2026-10-10T15:36:56
051026937119,You Might Like,green-tick mismatch: Early Applicant,2026-10-10T15:37:02
091026027965,You Might Like,"green-tick mismatch: Location, Work Experience",2026-10-10T15:37:29
071026501142,You Might Like,"green-tick mismatch: Early Applicant, Work Experience",2026-10-10T15:37:35
061026503552,You Might Like,green-tick mismatch: Early Applicant,2026-10-10T15:37:41
091026912342,Applies,green-tick mismatch: Key Skills,2026-10-10T23:04:14
081026930667,Applies,green-tick mismatch: Key Skills,2026-10-10T23:04:19
091026023742,Applies,green-tick mismatch: Key Skills,2026-10-10T23:04:43
091026018833,Applies,green-tick mismatch: Key Skills,2026-10-10T23:04:47
091026017637,Applies,green-tick mismatch: Key Skills,2026-10-10T23:04:52
081026050480,Applies,green-tick mismatch: Key Skills,2026-10-10T23:05:17
081026042466,Applies,green-tick mismatch: Key Skills,2026-10-10T23:05:46
091026025284,Applies,"green-tick mismatch: Work Experience, Key Skills",2026-10-10T23:05:51
091026502533,Applies,green-tick mismatch: Work Experience,2026-10-10T23:05:55
091026030190,Applies,green-tick mismatch: Key Skills,2026-10-10T23:06:00
081026506402,Applies,green-tick mismatch: Key Skills,2026-10-10T23:06:04
091026018831,Applies,green-tick mismatch: Key Skills,2026-10-10T23:07:01
081026043592,Applies,job was posted 48 hours ago (limit: 24 hours),2026-10-10T23:07:39
101026010352,Applies,green-tick mismatch: Key Skills,2026-10-10T23:07:44
270926003118,Preference,green-tick mismatch: Key Skills,2026-10-10T23:07:58
091026503249,You Might Like,green-tick mismatch: Location,2026-10-10T23:09:17
091026502893,You Might Like,green-tick mismatch: Location,2026-10-10T23:09:23
091026014806,You Might Like,green-tick mismatch: Key Skills,2026-10-10T23:09:29
091026912335,You Might Like,green-tick mismatch: Key Skills,2026-10-10T23:09:34
091026033168,You Might Like,green-tick mismatch: Location,2026-10-10T23:09:40
081026508718,You Might Like,job was posted 48 hours ago (limit: 24 hours),2026-10-10T23:09:46
091026504950,You Might Like,green-tick mismatch: Location,2026-10-10T23:09:52
051026932718,You Might Like,green-tick mismatch: Early Applicant,2026-10-10T23:10:04
081026507188,You Might Like,job was posted 48 hours ago (limit: 24 hours),2026-10-10T23:10:10
081026025771,You Might Like,"green-tick mismatch: Work Experience, Key Skills",2026-10-10T23:10:15
091026015396,You Might Like,green-tick mismatch: Key Skills,2026-10-10T23:10:21
