timestamp,category,title,company,job_url,external_apply_url
2026-09-29 17:40:38.034075,Top Candidate,Data Platform Engineer,Accenture,https://www.naukri.com/job-listings-data-platform-engineer-accenture-solutions-pvt-ltd-bengaluru-2-to-5-years-280926921569?src=drecomm_top_candidate&sid=1790683832066304&xp=2&px=1,
2026-09-29 17:44:07.595064,You Might Like,Software Engineer - Java Fullstack,Optum,https://www.naukri.com/job-listings-software-engineer-java-fullstack-optum-global-solutions-india-private-limited-noida-2-to-7-years-280926903916?src=drecomm_mightlike&sid=17906838904263095&xp=14&px=1,
2026-09-29 23:05:59.693491,Profile,Senior Software Engineer II (Backend),Makemytrip,https://www.naukri.com/job-listings-senior-software-engineer-ii-backend-makemytrip-india-pvt-ltd-bengaluru-4-to-6-years-280926500074?src=drecomm_profile&sid=17907033385122856&xp=32&px=1,
2026-09-30 00:05:49.641831,Profile,Senior Software Engineer II (Backend),Makemytrip,https://www.naukri.com/job-listings-senior-software-engineer-ii-backend-makemytrip-india-pvt-ltd-bengaluru-4-to-6-years-280926500074?src=drecomm_profile&sid=17907068045105367&xp=9&px=1,
2026-09-30 00:12:24.796928,You Might Like,"Software Engineer III - Java Backend, AWS, Kafka",JPMorgan Chase Bank,https://www.naukri.com/job-listings-software-engineer-iii-java-backend-aws-kafka-jp-morgan-and-chase-hyderabad-3-to-8-years-290926503102?src=drecomm_mightlike&sid=17907072841211921&xp=5&px=1,
2026-09-30 00:18:45.829959,You Might Like,"Software Engineer III - Java Backend, AWS, Kafka",JPMorgan Chase Bank,https://www.naukri.com/job-listings-software-engineer-iii-java-backend-aws-kafka-jp-morgan-and-chase-hyderabad-3-to-8-years-290926503102?src=drecomm_mightlike&sid=1790707704754613&xp=2&px=1,
2026-10-01 15:17:56.386860,Applies,AI Engineer/ Leads,Proffer It Consultancy,https://www.naukri.com/job-listings-ai-engineer-leads-proffer-it-consultancy-private-limited-chennai-bengaluru-5-to-8-years-300926501879?src=drecomm_apply&sid=17908475377576874&xp=12&px=1,
2026-10-02 15:29:11.075527,Applies,Senior Quality Engineer,Optum,https://www.naukri.com/job-listings-senior-quality-engineer-optum-global-solutions-india-private-limited-hyderabad-5-to-10-years-011026927483?src=drecomm_apply&sid=17909342756458692&xp=8&px=1,
2026-10-02 15:38:20.738313,Preference,SDET,Vegapay,https://www.naukri.com/job-listings-sdet-vegapay-bengaluru-4-to-7-years-011026501693?src=drecomm_preference&sid=17909354316921107&xp=6&px=1,
2026-10-02 15:41:50.564375,You Might Like,PLC Programmer,A Client of Atharv Consultants,https://www.naukri.com/job-listings-technical-specialist-testing-services-birlasoft-india-limited-bengaluru-4-to-6-years-011026503555?src=drecomm_mightlike&sid=17909358539292225&xp=3&px=1,
2026-10-02 15:41:53.271349,You Might Like,Technical Specialist-Testing Services,Birlasoft,https://www.naukri.com/job-listings-technical-specialist-testing-services-birlasoft-india-limited-bengaluru-4-to-6-years-011026503555?src=drecomm_mightlike&sid=17909358539292225&xp=3&px=1,
2026-10-02 15:41:55.926093,You Might Like,Test Automation Engineer,Accenture,https://www.naukri.com/job-listings-test-automation-engineer-accenture-solutions-pvt-ltd-hyderabad-5-to-10-years-011026926784?src=drecomm_mightlike&sid=17909358539292225&xp=3&px=1,
2026-10-02 15:42:36.931883,You Might Like,AI Pod- Selenium Java / Playwright Automation Tester,Zensar,https://www.naukri.com/job-listings-ai-pod-selenium-java-playwright-automation-tester-zensar-technologies-pune-5-to-6-years-011026500773?src=drecomm_mightlike&sid=17909358539292225&xp=6&px=1,
2026-10-02 15:42:39.658059,You Might Like,Technical Specialist-Testing Services,Birlasoft,https://www.naukri.com/job-listings-technical-specialist-testing-services-birlasoft-india-limited-bengaluru-2-to-7-years-011026503387?src=drecomm_mightlike&sid=17909358539292225&xp=7&px=1,
2026-10-06 23:55:38.422243,Applies,Azure Architects,Aparajitha Corporate Services,https://www.naukri.com/job-listings-azure-architects-aparajita-consultancy-services-it-services-company-chennai-5-to-10-years-051026500803?src=drecomm_apply&sid=17913111355642109&xp=3&px=1,
2026-10-06 23:57:04.011968,Applies,Azure Architects,Aparajitha Corporate Services,https://www.naukri.com/job-listings-azure-architects-aparajita-consultancy-services-it-services-company-chennai-5-to-10-years-051026500803?src=drecomm_apply&sid=17913112162212880&xp=3&px=1,
2026-10-06 23:59:37.091018,Applies,Custom Software Engineer,Accenture,https://www.naukri.com/job-listings-custom-software-engineer-accenture-solutions-pvt-ltd-pune-3-to-8-years-061026910125?src=drecomm_apply&sid=17913113740293266&xp=10&px=1,
2026-10-07 00:03:01.014104,Applies,Lead Software Engineer - Python,JPMorgan Chase Bank,https://www.naukri.com/job-listings-lead-software-engineer-python-jp-morgan-and-chase-hyderabad-5-to-10-years-051026503124?src=drecomm_apply&sid=17913115780623657&xp=18&px=1,
2026-10-07 00:07:30.190215,Applies,Azure Architects,Aparajitha Corporate Services,https://www.naukri.com/job-listings-azure-architects-aparajita-consultancy-services-it-services-company-chennai-5-to-10-years-051026500803?src=drecomm_apply&sid=17913118012189591&xp=2&px=1,
2026-10-07 00:07:35.070738,Applies,Custom Software Engineer,Accenture,https://www.naukri.com/job-listings-custom-software-engineer-accenture-solutions-pvt-ltd-pune-3-to-8-years-061026910125?src=drecomm_apply&sid=17913118521013638&xp=4&px=1,
2026-10-07 00:07:44.066563,Applies,Lead Software Engineer - Python,JPMorgan Chase Bank,https://www.naukri.com/job-listings-lead-software-engineer-python-jp-morgan-and-chase-hyderabad-5-to-10-years-051026503124?src=drecomm_apply&sid=1791311861218309&xp=6&px=1,
2026-10-07 00:14:10.213916,Applies,Azure Architects,Aparajitha Corporate Services,https://www.naukri.com/job-listings-azure-architects-aparajita-consultancy-services-it-services-company-chennai-5-to-10-years-051026500803?src=drecomm_apply&sid=17913122412212195&xp=1&px=1,
2026-10-07 00:14:14.218605,Applies,Lead Software Engineer - Python,JPMorgan Chase Bank,https://www.naukri.com/job-listings-lead-software-engineer-python-jp-morgan-and-chase-hyderabad-5-to-10-years-051026503124?src=drecomm_apply&sid=17913122516025033&xp=2&px=1,
2026-10-07 00:17:49.641276,Preference,QA Automation Engineer,Bahwan CyberTek,https://www.naukri.com/job-listings-qa-automation-engineer-bahwan-cybertek-mumbai-new-delhi-chennai-bengaluru-5-to-7-years-061026502731?src=drecomm_preference&sid=17913124666355789&xp=5&px=1,
2026-10-07 00:18:17.204493,Preference,SDET 2,Niyo Solutions,https://www.naukri.com/job-listings-sdet-2-niyo-solutions-bengaluru-3-to-5-years-061026504694?src=drecomm_preference&sid=17913124941826222&xp=6&px=1,
2026-10-07 00:44:59.168637,Applies,Azure Architects,Aparajitha Corporate Services,https://www.naukri.com/job-listings-azure-architects-aparajita-consultancy-services-it-services-company-chennai-5-to-10-years-051026500803?src=drecomm_apply&sid=17913140938377408&xp=1&px=1,
2026-10-07 00:45:03.165649,Applies,Lead Software Engineer - Python,JPMorgan Chase Bank,https://www.naukri.com/job-listings-lead-software-engineer-python-jp-morgan-and-chase-hyderabad-5-to-10-years-051026503124?src=drecomm_apply&sid=17913141005625231&xp=2&px=1,
2026-10-07 00:45:51.971081,Preference,QA Automation Engineer,Bahwan CyberTek,https://www.naukri.com/job-listings-qa-automation-engineer-bahwan-cybertek-mumbai-new-delhi-chennai-bengaluru-5-to-7-years-061026502731?src=drecomm_preference&sid=17913141490594048&xp=5&px=1,
2026-10-07 00:45:57.526992,Preference,SDET 2,Niyo Solutions,https://www.naukri.com/job-listings-sdet-2-niyo-solutions-bengaluru-3-to-5-years-061026504694?src=drecomm_preference&sid=17913141544595863&xp=6&px=1,
2026-10-07 01:08:43.147333,Preference,QA Automation Engineer,Bahwan CyberTek,https://www.naukri.com/job-listings-qa-automation-engineer-bahwan-cybertek-mumbai-new-delhi-chennai-bengaluru-5-to-7-years-061026502731?src=drecomm_preference&sid=17913155133104327&xp=18&px=1,
2026-10-07 22:15:31.613686,Preference,QA Automation Engineer,Bahwan CyberTek,https://www.naukri.com/job-listings-qa-automation-engineer-bahwan-cybertek-chennai-5-to-7-years-061026502731?src=drecomm_preference&sid=1791391522325257&xp=28&px=1,
