timestamp,category,title,company,email,job_url
2026-09-29 23:58:55.814397,Applies,Software Engineer,Xoriant,rinki.kumari@xoriant.com,https://www.naukri.com/job-listings-software-engineer-xoriant-mumbai-bengaluru-2-to-7-years-280926020163?src=drecomm_apply&sid=17907064740635722&xp=6&px=1
2026-10-01 15:19:32.467602,Applies,Automation Test Engineer,Kumaran Systems,devika.raju@kumaran.com,https://www.naukri.com/job-listings-automation-test-engineer-kumaran-systems-hyderabad-chennai-5-to-10-years-300926030691?src=drecomm_apply&sid=17908475377576874&xp=14&px=1
2026-10-02 15:22:07.221388,Applies,QA Automation Tester with Python & Playwright,Virtusa,bdharan@virtusa.com,https://www.naukri.com/job-listings-qa-automation-tester-with-python-playwright-virtusa-chennai-5-to-8-years-300926031540?src=drecomm_apply&sid=17909342756458692&xp=5&px=1
2026-10-04 18:10:42.401565,Applies,Exciting Opportunity AI-Powered Test Automation Engineer | Playwrigh,Coforge,shashank.2.tyagi@coforge.com,https://www.naukri.com/job-listings-exciting-opportunity-ai-powered-test-automation-engineer-playwrigh-coforge-hyderabad-4-to-7-years-031026001978?src=drecomm_apply&sid=17911175878501498&xp=4&px=1
2026-10-04 18:11:41.769022,Applies,"QA Engineer(Manual)_Excellon Software_Bavdhan, Pune( Immediate joiner)",Excellon Software,rutikap@excellonsoft.com,https://www.naukri.com/job-listings-qa-engineer-manual-excellon-software-bavdhan-pune-immediate-joiner-excellon-software-pune-3-to-6-years-031026005962?src=drecomm_apply&sid=17911175878501498&xp=7&px=1
2026-10-04 18:11:41.769022,Applies,"QA Engineer(Manual)_Excellon Software_Bavdhan, Pune( Immediate joiner)",Excellon Software,careers@excellonsoft.com,https://www.naukri.com/job-listings-qa-engineer-manual-excellon-software-bavdhan-pune-immediate-joiner-excellon-software-pune-3-to-6-years-031026005962?src=drecomm_apply&sid=17911175878501498&xp=7&px=1
2026-10-04 18:13:10.577846,Applies,Senior Azure Devops Engineer,Dataceria Software Solutions,testing@dataceria.com,https://www.naukri.com/job-listings-senior-azure-devops-engineer-dataceria-software-solutions-pune-bengaluru-4-to-8-years-180926000184?src=drecomm_apply&sid=17911175878501498&xp=17&px=1
2026-10-04 18:13:10.579810,Applies,Senior Azure Devops Engineer,Dataceria Software Solutions,careers@dataceria.com,https://www.naukri.com/job-listings-senior-azure-devops-engineer-dataceria-software-solutions-pune-bengaluru-4-to-8-years-180926000184?src=drecomm_apply&sid=17911175878501498&xp=17&px=1
2026-10-04 18:34:08.416280,Applies,Fullstack Python Developer,Black and white Business Solutions,nirjala.k@blackwhite.in,https://www.naukri.com/job-listings-fullstack-python-developer-black-and-white-business-solutions-pune-5-to-10-years-031026004085?src=drecomm_apply&sid=17911190460442577&xp=15&px=1
2026-10-06 23:46:56.837842,Applies,Java Automation QA,Aziro,hsharma@aziro.com,https://www.naukri.com/job-listings-java-automation-qa-aziro-pune-chennai-5-to-8-years-051026011974?src=drecomm_apply&sid=17913106140099355&xp=2&px=1
2026-10-06 23:54:45.344051,Applies,Senior Qa Automation Test Engineer,Techwise Digital,manasa.cp@techwisedigital.com,https://www.naukri.com/job-listings-senior-qa-automation-test-engineer-indihire-consultants-hyderabad-3-to-7-years-051026002046?src=drecomm_apply&sid=17913110776689363&xp=3&px=1
2026-10-06 23:55:42.719100,Applies,Senior Qa Engineer,Client of Hungry Bird IT Consulting Services Pvt Ltd - IT Services,aradhana@hungrybird.in,https://www.naukri.com/job-listings-senior-qa-engineer-hungry-bird-it-consulting-services-dharwad-hubballi-bengaluru-4-to-8-years-051026029122?src=drecomm_apply&sid=17913111400225528&xp=4&px=1
2026-10-06 23:57:08.221292,Applies,Manual & Automation tester - servicenow arun@technozis.com,Technozis,arun@technozis.com,https://www.naukri.com/job-listings-manual-automation-tester-servicenow-arun-technozis-com-dream-jobs-staffing-solution-india-4-to-9-years-051026019122?src=drecomm_apply&sid=17913112256078762&xp=5&px=1
2026-10-07 00:01:27.768318,Applies,Walk-in || Playwright Automation,Bct Consulting,adithya.b@bct-consulting.com,https://www.naukri.com/job-listings-playwright-automation-bct-consulting-bengaluru-5-to-10-years-051026038450?src=drecomm_apply&sid=17913114851533872&xp=14&px=1
2026-10-07 00:01:43.600863,Applies,Python Fullstack Developer,Black and white Business Solution,chaithra.b@blackwhite.in,https://www.naukri.com/job-listings-python-fullstack-developer-black-and-white-business-solutions-pune-5-to-9-years-051026001714?src=drecomm_apply&sid=17913115009272602&xp=17&px=1
2026-10-07 00:06:08.568695,Applies,OCI Engineer,Teliolabs Communication,shaik.jasmin@teliolabs.com,https://www.naukri.com/job-listings-oci-engineer-teliolabs-communication-pune-gurugram-bengaluru-3-to-8-years-051026003256?src=drecomm_apply&sid=17913117641491454&xp=34&px=1
2026-10-07 00:07:39.309577,Applies,Walk-in || Playwright Automation,Bct Consulting,adithya.b@bct-consulting.com,https://www.naukri.com/job-listings-playwright-automation-bct-consulting-bengaluru-5-to-10-years-051026038450?src=drecomm_apply&sid=17913118566686345&xp=5&px=1
2026-10-07 00:16:31.030013,Preference,Test Engineer,Leading Aviation Company,amit.sagar@persolapac.com,https://www.naukri.com/job-listings-test-engineer-persol-bengaluru-5-to-10-years-160726029883?src=drecomm_preference&sid=17913123882799102&xp=3&px=1
2026-10-07 01:09:34.426013,Preference,Selenium API Automation Testing F2F in Noida,AGS,adevid@allegisglobalsolutions.com,https://www.naukri.com/job-listings-selenium-api-automation-testing-f2f-in-noida-allegis-global-solutions-ags-noida-5-to-10-years-160926046304?src=drecomm_preference&sid=17913155715686527&xp=26&px=1
2026-10-07 22:08:34.284353,Applies,Appium Testers - Bangalore/Chennai/Pune/mumbai,H&B Hr Solutions,shubha.b@hunstmenbarons.com,https://www.naukri.com/job-listings-appium-testers-bangalore-chennai-pune-mumbai-h-b-hr-solutions-pune-chennai-bengaluru-5-to-8-years-061026021866?src=drecomm_apply&sid=17913911103983071&xp=32&px=1
2026-10-07 22:14:11.333581,Preference,Software Developer Test Engineer (SDET),Infospoke Technologies,anwesha.m@infospoke.in,https://www.naukri.com/job-listings-software-developer-test-engineer-sdet-infospoke-technologies-hyderabad-5-to-10-years-071026028643?src=drecomm_preference&sid=17913914472757267&xp=23&px=1
