031026007470,Applies,green-tick mismatch: Early Applicant,2026-10-07T00:45:06
011026023288,Applies,"green-tick mismatch: Early Applicant, Key Skills",2026-10-07T00:45:12
051026931184,Preference,"green-tick mismatch: Work Experience, Key Skills",2026-10-07T00:45:28
300926032946,Preference,Key Skills did not show a green check,2026-10-07T00:45:36
011026501693,Preference,green-tick mismatch: Early Applicant,2026-10-07T00:45:43
061026015253,Preference,green-tick mismatch: Work Experience,2026-10-07T00:46:02
290926020835,Preference,"green-tick mismatch: Early Applicant, Work Experience",2026-10-07T00:46:11
051026007969,You Might Like,green-tick mismatch: Location,2026-10-07T00:46:24
051026006308,You Might Like,green-tick mismatch: Location,2026-10-07T00:46:32
051026008727,You Might Like,"green-tick mismatch: Location, Work Experience",2026-10-07T00:46:40
051026039775,You Might Like,green-tick mismatch: Location,2026-10-07T00:46:48
051026015429,Applies,Key Skills did not show a green check,2026-10-07T00:53:12
230726019784,Applies,green-tick mismatch: Early Applicant,2026-10-07T00:54:02
300926020014,Applies,green-tick mismatch: Work Experience,2026-10-07T00:54:06
021026011806,Applies,green-tick mismatch: Early Applicant,2026-10-07T00:54:11
051026004387,Applies,"green-tick mismatch: Work Experience, Key Skills",2026-10-07T00:54:24
051026030303,Applies,green-tick mismatch: Work Experience,2026-10-07T00:54:28
011026030422,Applies,"green-tick mismatch: Early Applicant, Location, Work Experience",2026-10-07T00:54:38
021026011506,Applies,green-tick mismatch: Early Applicant,2026-10-07T00:54:44
051026013864,Applies,"green-tick mismatch: Work Experience, Key Skills",2026-10-07T00:54:48
051026006983,Applies,"green-tick mismatch: Location, Work Experience",2026-10-07T00:54:58
021026009630,Applies,"green-tick mismatch: Early Applicant, Key Skills",2026-10-07T00:55:02
051026933345,Applies,green-tick mismatch: Key Skills,2026-10-07T00:55:07
051026002125,Applies,"green-tick mismatch: Early Applicant, Work Experience, Key Skills",2026-10-07T00:55:11
300926903083,Applies,Key Skills did not show a green check,2026-10-07T00:55:17
021026012734,Applies,green-tick mismatch: Early Applicant,2026-10-07T00:56:03
051026011602,Applies,green-tick mismatch: Work Experience,2026-10-07T00:56:46
021026012734,Applies,green-tick mismatch: Early Applicant,2026-10-07T01:00:12
021026012734,Applies,green-tick mismatch: Early Applicant,2026-10-07T01:00:41
051026011602,Applies,green-tick mismatch: Work Experience,2026-10-07T01:00:48
051026002125,Applies,green-tick mismatch: Key Skills,2026-10-07T01:03:09
300926903083,Applies,"green-tick mismatch: Early Applicant, Work Experience, Key Skills",2026-10-07T01:03:15
051026932438,Applies,green-tick mismatch: Key Skills,2026-10-07T01:03:20
051026000114,Applies,green-tick mismatch: Key Skills,2026-10-07T01:03:47
051026008727,Applies,green-tick mismatch: Work Experience,2026-10-07T01:03:53
051026503248,Applies,green-tick mismatch: Work Experience,2026-10-07T01:04:00
051026018656,Applies,green-tick mismatch: Work Experience,2026-10-07T01:04:06
041026004598,Applies,green-tick mismatch: Early Applicant,2026-10-07T01:04:11
051026016981,Applies,"green-tick mismatch: Work Experience, Key Skills",2026-10-07T01:04:17
230926024074,Applies,green-tick mismatch: Key Skills,2026-10-07T01:05:37
011026016856,Applies,"green-tick mismatch: Early Applicant, Work Experience",2026-10-07T01:05:42
260926007998,Preference,green-tick mismatch: Early Applicant,2026-10-07T01:05:58
210926019706,Preference,"green-tick mismatch: Early Applicant, Work Experience",2026-10-07T01:06:05
280926006164,Preference,"green-tick mismatch: Early Applicant, Work Experience",2026-10-07T01:06:12
280926007768,Preference,green-tick mismatch: Early Applicant,2026-10-07T01:06:19
300926031343,Preference,green-tick mismatch: Early Applicant,2026-10-07T01:06:26
250926001001,Preference,Key Skills did not show a green check,2026-10-07T01:06:55
051026931184,Preference,"green-tick mismatch: Work Experience, Key Skills",2026-10-07T01:07:03
300926036454,Preference,"green-tick mismatch: Early Applicant, Location",2026-10-07T01:07:10
011026036272,Preference,"green-tick mismatch: Early Applicant, Work Experience",2026-10-07T01:07:17
290926917415,Preference,green-tick mismatch: Early Applicant,2026-10-07T01:07:25
170926033765,Preference,"green-tick mismatch: Early Applicant, Work Experience",2026-10-07T01:07:33
300926036836,Preference,"green-tick mismatch: Early Applicant, Work Experience",2026-10-07T01:07:40
300926032946,Preference,Key Skills did not show a green check,2026-10-07T01:07:47
011026039876,Preference,green-tick mismatch: Early Applicant,2026-10-07T01:07:54
011026037785,Preference,green-tick mismatch: Early Applicant,2026-10-07T01:08:02
180926011426,Preference,"green-tick mismatch: Early Applicant, Work Experience",2026-10-07T01:08:10
220926001150,Preference,"green-tick mismatch: Early Applicant, Work Experience",2026-10-07T01:08:48
031026007396,Preference,"green-tick mismatch: Early Applicant, Work Experience",2026-10-07T01:08:55
300926502686,Preference,green-tick mismatch: Early Applicant,2026-10-07T01:09:03
061026015253,Preference,green-tick mismatch: Work Experience,2026-10-07T01:09:10
021026009220,Preference,"green-tick mismatch: Early Applicant, Location",2026-10-07T01:09:18
290926020835,Preference,"green-tick mismatch: Early Applicant, Work Experience",2026-10-07T01:09:26
061026007625,Preference,green-tick mismatch: Key Skills,2026-10-07T01:20:18
240926023047,Preference,"green-tick mismatch: Early Applicant, Key Skills",2026-10-07T01:20:26
021026010426,You Might Like,"green-tick mismatch: Early Applicant, Work Experience",2026-10-07T01:20:39
061026005612,You Might Like,green-tick mismatch: Location,2026-10-07T01:20:46
041026005167,You Might Like,"green-tick mismatch: Early Applicant, Location, Key Skills",2026-10-07T01:20:54
061026012404,Applies,green-tick mismatch: Work Experience,2026-10-07T13:03:46
051026933064,Applies,green-tick mismatch: Key Skills,2026-10-07T13:04:12
051026931033,Applies,Key Skills did not show a green check,2026-10-07T13:04:57
090926021825,Applies,green-tick mismatch: Location,2026-10-07T13:05:43
051026029335,Applies,green-tick mismatch: Work Experience,2026-10-07T13:05:48
051026039790,Applies,green-tick mismatch: Work Experience,2026-10-07T13:05:54
061026916349,Applies,green-tick mismatch: Work Experience,2026-10-07T13:06:19
061026504927,Applies,green-tick mismatch: Work Experience,2026-10-07T13:06:26
051026039908,Applies,green-tick mismatch: Work Experience,2026-10-07T13:07:14
051026011602,Applies,green-tick mismatch: Work Experience,2026-10-07T13:07:19
300926020014,Applies,green-tick mismatch: Work Experience,2026-10-07T13:07:25
061026004126,Applies,green-tick mismatch: Key Skills,2026-10-07T13:07:30
061026007826,Applies,green-tick mismatch: Work Experience,2026-10-07T13:07:35
061026004158,Applies,Key Skills did not show a green check,2026-10-07T13:07:41
051026008727,Applies,green-tick mismatch: Work Experience,2026-10-07T13:08:23
051026019226,Applies,green-tick mismatch: Key Skills,2026-10-07T13:09:08
051026931173,Applies,green-tick mismatch: Key Skills,2026-10-07T13:09:14
061026015253,Applies,green-tick mismatch: Work Experience,2026-10-07T13:09:21
051026018656,Applies,green-tick mismatch: Work Experience,2026-10-07T13:09:28
061026022186,Applies,green-tick mismatch: Work Experience,2026-10-07T13:09:34
230926024074,Applies,green-tick mismatch: Key Skills,2026-10-07T13:09:39
061026012404,Applies,green-tick mismatch: Work Experience,2026-10-07T22:05:01
061026012714,Applies,green-tick mismatch: Work Experience,2026-10-07T22:05:06
061026007625,Applies,green-tick mismatch: Key Skills,2026-10-07T22:05:32
051026933156,Applies,job was posted 48 hours ago (limit: 24 hours),2026-10-07T22:05:39
061026916349,Applies,green-tick mismatch: Work Experience,2026-10-07T22:05:46
061026007826,Applies,green-tick mismatch: Work Experience,2026-10-07T22:06:35
061026015253,Applies,green-tick mismatch: Work Experience,2026-10-07T22:06:41
051026029335,Applies,green-tick mismatch: Work Experience,2026-10-07T22:06:49
061026012597,Applies,"green-tick mismatch: Work Experience, Key Skills",2026-10-07T22:06:56
021026011806,Applies,Key Skills did not show a green check,2026-10-07T22:07:03
061026022186,Applies,green-tick mismatch: Work Experience,2026-10-07T22:07:08
051026040053,Applies,job was posted 48 hours ago (limit: 24 hours),2026-10-07T22:07:14
051026006983,Applies,"green-tick mismatch: Location, Work Experience",2026-10-07T22:07:21
051026039908,Applies,green-tick mismatch: Work Experience,2026-10-07T22:07:28
051026932185,Applies,green-tick mismatch: Key Skills,2026-10-07T22:07:35
061026030224,Applies,green-tick mismatch: Work Experience,2026-10-07T22:07:42
051026030303,Applies,green-tick mismatch: Work Experience,2026-10-07T22:07:47
051026933064,Applies,green-tick mismatch: Key Skills,2026-10-07T22:07:54
051026040001,Applies,"green-tick mismatch: Work Experience, Key Skills",2026-10-07T22:08:01
051026008727,Applies,green-tick mismatch: Work Experience,2026-10-07T22:08:07
061026923775,Applies,green-tick mismatch: Work Experience,2026-10-07T22:08:14
090926021825,Applies,green-tick mismatch: Location,2026-10-07T22:08:21
051026933458,Applies,job was posted 48 hours ago (limit: 24 hours),2026-10-07T22:08:27
071026000448,Applies,green-tick mismatch: Work Experience,2026-10-07T22:08:54
061026014299,Applies,green-tick mismatch: Key Skills,2026-10-07T22:09:01
061026504927,Applies,"green-tick mismatch: Location, Work Experience",2026-10-07T22:09:09
061026004158,Applies,green-tick mismatch: Work Experience,2026-10-07T22:09:56
051026504420,Applies,job was posted 48 hours ago (limit: 24 hours),2026-10-07T22:10:03
061026007064,Applies,"green-tick mismatch: Work Experience, Key Skills",2026-10-07T22:10:11
051026016981,Applies,"green-tick mismatch: Work Experience, Key Skills",2026-10-07T22:10:17
061026003702,Applies,green-tick mismatch: Key Skills,2026-10-07T22:10:25
051026504744,Applies,green-tick mismatch: Key Skills,2026-10-07T22:10:31
260926007998,Preference,green-tick mismatch: Early Applicant,2026-10-07T22:11:14
210926019706,Preference,"green-tick mismatch: Early Applicant, Work Experience",2026-10-07T22:11:20
290926022264,Preference,"green-tick mismatch: Early Applicant, Work Experience",2026-10-07T22:11:28
300926031343,Preference,green-tick mismatch: Early Applicant,2026-10-07T22:11:35
310726029326,Preference,job was posted 480 hours ago (limit: 24 hours),2026-10-07T22:11:42
250926001001,Preference,Key Skills did not show a green check,2026-10-07T22:11:51
051026931184,Preference,"green-tick mismatch: Work Experience, Key Skills",2026-10-07T22:12:00
300926036454,Preference,"green-tick mismatch: Early Applicant, Location",2026-10-07T22:12:08
071026016672,Preference,green-tick mismatch: Work Experience,2026-10-07T22:12:49
290926917415,Preference,green-tick mismatch: Early Applicant,2026-10-07T22:13:18
071026038557,Preference,green-tick mismatch: Key Skills,2026-10-07T22:13:26
170926033765,Preference,"green-tick mismatch: Early Applicant, Work Experience",2026-10-07T22:13:33
300926036836,Preference,"green-tick mismatch: Early Applicant, Work Experience",2026-10-07T22:13:41
021026009630,Preference,"green-tick mismatch: Early Applicant, Key Skills",2026-10-07T22:13:48
300926032946,Preference,Key Skills did not show a green check,2026-10-07T22:13:56
011026039876,Preference,green-tick mismatch: Early Applicant,2026-10-07T22:14:04
180926011426,Preference,"green-tick mismatch: Early Applicant, Work Experience",2026-10-07T22:14:54
041026004598,Preference,green-tick mismatch: Early Applicant,2026-10-07T22:15:02
220926001150,Preference,"green-tick mismatch: Early Applicant, Work Experience",2026-10-07T22:15:37
290926934156,Preference,"green-tick mismatch: Early Applicant, Key Skills",2026-10-07T22:15:46
031026007396,Preference,"green-tick mismatch: Early Applicant, Work Experience",2026-10-07T22:15:59
300926502686,Preference,green-tick mismatch: Early Applicant,2026-10-07T22:16:08
021026009220,Preference,"green-tick mismatch: Early Applicant, Location",2026-10-07T22:16:38
290926020835,Preference,"green-tick mismatch: Early Applicant, Work Experience",2026-10-07T22:16:46
061026005612,You Might Like,green-tick mismatch: Location,2026-10-07T22:16:59
061026916467,You Might Like,green-tick mismatch: Work Experience,2026-10-07T22:17:06
061026004446,You Might Like,green-tick mismatch: Location,2026-10-07T22:17:13
061026004310,You Might Like,green-tick mismatch: Work Experience,2026-10-07T22:17:21
061026502774,You Might Like,green-tick mismatch: Work Experience,2026-10-07T22:17:29
051026937737,You Might Like,green-tick mismatch: Location,2026-10-07T22:17:36
061026503792,You Might Like,green-tick mismatch: Work Experience,2026-10-07T22:17:45
051026930945,You Might Like,green-tick mismatch: Key Skills,2026-10-07T22:17:53
051026931860,You Might Like,green-tick mismatch: Key Skills,2026-10-07T22:18:28
