timestamp,category,title,company,job_url,external_apply_url
2026-10-10 23:42:46.544319,You Might Like,Data Platform Engineer,Accenture,https://www.naukri.com/job-listings-data-platform-engineer-accenture-solutions-pvt-ltd-bengaluru-3-to-8-years-091026929675?src=drecomm_mightlike&sid=1791655963318199&xp=39&px=1,
2026-10-10 23:46:13.567823,You Might Like,Data Platform Engineer,Accenture,https://www.naukri.com/job-listings-data-platform-engineer-accenture-solutions-pvt-ltd-bengaluru-3-to-8-years-091026929675?src=drecomm_mightlike&sid=17916561683054133&xp=39&px=1,
2026-10-10 23:51:04.080536,Applies,"Data Engineer - Cloud ETL, Azure, Data Bricks, Snowflake, PySpark",Optum,https://www.naukri.com/job-listings-data-engineer-cloud-etl-azure-data-bricks-snowflake-pyspark-optum-global-solutions-india-private-limited-hyderabad-4-to-9-years-091026912382?src=drecomm_apply&sid=17916564559496515&xp=47&px=1,
2026-10-10 23:54:25.294522,Preference,"Developer, Data Analysis and consulting",Transunion,https://www.naukri.com/job-listings-developer-data-analysis-and-consulting-transunion-hyderabad-3-to-8-years-091026502808?src=drecomm_preference&sid=17916566621836965&xp=40&px=1,
2026-10-10 23:57:23.628144,Preference,Data Science Specialist,Dow Chemical International Private Limited,https://www.naukri.com/job-listings-data-science-specialist-dow-chemical-international-pvt-ltd-mumbai-2-to-7-years-091026500986?src=drecomm_preference&sid=17916568405251441&xp=46&px=1,
2026-10-10 23:59:28.038618,Applies,"Data Engineer - Cloud ETL, Azure, Data Bricks, Snowflake, PySpark",Optum,https://www.naukri.com/job-listings-data-engineer-cloud-etl-azure-data-bricks-snowflake-pyspark-optum-global-solutions-india-private-limited-hyderabad-4-to-9-years-091026912382?src=drecomm_apply&sid=17916569631118215&xp=44&px=1,
2026-10-10 23:59:43.058554,Preference,"Developer, Data Analysis and consulting",Transunion,https://www.naukri.com/job-listings-developer-data-analysis-and-consulting-transunion-hyderabad-3-to-8-years-091026502808?src=drecomm_preference&sid=17916569781692847&xp=39&px=1,
2026-10-11 00:00:09.831676,Preference,Data Science Specialist,Dow Chemical International Private Limited,https://www.naukri.com/job-listings-data-science-specialist-dow-chemical-international-pvt-ltd-mumbai-2-to-7-years-091026500986?src=drecomm_preference&sid=17916570018338704&xp=43&px=1,
2026-10-11 00:00:16.272933,Preference,Data Engineer (Data Scientist),Caterpillar Inc,https://www.naukri.com/job-listings-data-engineer-data-scientist-caterpillar-brazil-chennai-1-to-7-years-091026503353?src=drecomm_preference&sid=17916570129613270&xp=46&px=1,
2026-10-11 00:00:28.095263,You Might Like,Data Platform Engineer,Accenture,https://www.naukri.com/job-listings-data-platform-engineer-accenture-solutions-pvt-ltd-bengaluru-3-to-8-years-091026929675?src=drecomm_mightlike&sid=17916570230112089&xp=19&px=1,
2026-10-11 00:00:52.515311,You Might Like,Data Engineer,Lloyds Technology Centre,https://www.naukri.com/job-listings-data-engineer-lloyds-technology-centre-india-hyderabad-4-to-8-years-091026505250?src=drecomm_mightlike&sid=17916570491801071&xp=39&px=1,
2026-10-11 00:01:47.154287,You Might Like,Sr EY - GDS Consulting - AI and DATA - Azure Data Engineer,EY,https://www.naukri.com/job-listings-sr-ey-gds-consulting-ai-and-data-azure-data-engineer-ernst-young-kolkata-3-to-7-years-091026503502?src=drecomm_mightlike&sid=17916571041343801&xp=51&px=1,
